Listing,Orders,Favorites
Monorail Por Favor Design,5,12
Descendants Sticker Pack,1,5
Evie Name,0,1
Mal Name,0,1
Auradon Prep,2,1
Descendants Apple,1,1
Adventure is Out There,7,9
Rise of Red,1,0
Haunted Mansion Wallpaper,0,4
The Human World Itâ€™s a Mess,0,3
Hocus Pocus,0,3
Rebel at Heart,1,1
Rise of Red Logo,1,0
Hades Lord of the Dead Underworld Concert Tour,0,2
Earthly Spaceship at Night,2,0
Greatest Adventure,1,3
Go the Distance,0,1
Pirate Design,1,0
I Want Adventure in the Great Wide Somewhere,0,3
Tower of Terror Sticker,4,4
Rock the Dots,0,2
Kingdom of the Sun,0,1
Almost There,0,1
Groovy Emperor,0,1
The Emperors New Shirt,0,1
Foolish Mortal,0,4
Hooks Crew,0,2
A Dream is a Wish,0,1
