Listing,Views,Favorites,Orders,Revenue,Conversion Rate (%)
"Pirates of the Caribbean SVG Bundle | Jack Sparrow Pirate Clipart Set, 22 High-Quality Images for Crafts & DIY Projects",156,12,16,63.44,10.26
"Descendants 4 PNG Clipart - Auradon Prep, Mal & Evie Transparent Background Images, Rise of Red",108,3,7,20.33,6.48
"A Woman's Place is in the Resistance SVG Design",20,5,5,14.65,25.00
"Pirate svg, Skull and Crossed Swords Svg Bundle Jack Sparrow svg, Pirate svg files, Pirates of the Caribbean, Dead Men Tell No Tales",68,13,5,14.35,7.35
"Descendants PNG clipart, Auradon Prep, Mal, Evie, Transparent Background Images",48,0,4,11.96,8.33
"Auradon Prep - School Logo Descendants Clipart PNG Design",24,2,3,8.67,12.50
"Ratatouille svg Little Chef French Cooking svg Paris French Cuisine SVG Bundle Kitchen Decor SVG and PNG File",20,1,3,8.97,15.00
"Pirate svg, Jack Sparrow svg, Pirate svg files, Pirates of the Caribbean, Dead Men Tell No Tales, Skull and Cross Swords svg",36,4,3,8.37,8.33
"Pirate Invitation, Jack Sparrow, pirates of caribbean, Pirate Invitations, Pirate Birthday, Pirate Invite, Pirates, Captain",42,1,3,23.97,7.14
"Descendants PNG Clipart Bundle Pack - Digital Instant Download for Cricut & Scrapbooking Graphics, Clip Art Set",6,0,2,5.68,33.33
"Hunny Pot SVG with Buzzing Bumble Bees, Honey Pot and Honeycomb Clipart, Honey Dripping Classic Winnie the",5,0,2,5.38,40.00
"Zombies Seabrook High Clipart Bundle",18,2,2,5.98,11.11
"Zombies Seabrook High Logo PNG",17,3,2,5.98,11.76
"Evil Queen Snow White & Magic Mirror SVG Combo Bundle | Digital Download for Crafting Projects, DIY, and Iron-On Transfers",14,1,2,5.68,14.29
"Descendants 4 PNG Pack Clipart - Mal, Evie, Red, Hades Uma Graphics for DIY Crafts Party Printables",29,0,2,5.98,6.90
"Orca Whale Clipart Pack - Nautical Orca Killer Whale Clip Pack 14 Images - Killer Whale PNG Images",12,1,2,5.98,16.67
"Space svg, Princess svg, Feminist svg, svg files, cutting file, silhouette, Resist, Resistance, Womens Rights, Force svg, A Womens Place",4,2,2,5.98,50.00
"Hunny Pot SVG with Buzzing Bumble Bees and Honey Dripping Classic Winnie the Pooh Cute Nursery Art for Baby Room",15,1,2,5.98,13.33
"Latin In Omnia Paratus SVG PNG Clipart Cricut Cut File - Rory Lorelai Umbrella Diner Stars Hollow SV",7,2,2,5.98,28.57
"Pirate svg Pirates of the Caribbean Jack Sparrow Pirates Tattoo Bucanneer Black Pearl svg files cricut silhouette cameo Sailing Pirate Ship",20,1,2,5.98,10.00
"Pirate svg Pirates of the Caribbean Jack Sparrow Pirate svg Pirates Aztec Gold Coin, Black Pearl svg files cricut silhouette cameo Sailing Pirate Ship",19,0,2,5.98,10.53
"Zombies Seabrook High Clipart Bundle",5,1,1,2.99,20.00
"Rise of Red Descendants Birthday Invitation & Rebel at Heart Sign Clipart Digital Download",9,0,1,5.99,11.11
"Descendants PNG Clipart Bundle Pack - Digital Instant Download for Cricut & Scrapbooking Graphics, Clip Art Set",38,1,1,2.99,2.63
"Go the Distance Hercules SVG Design",7,1,1,2.99,14.29
"Rapunzel Princess SVG Bundle Pack, PNG Tangled Clipart Bundle",10,0,1,2.69,10.00
"Hercules Go the Distance Medallion - Hades Villain PNG Clipart",11,0,1,2.99,9.09
"Zombies Seabrook High Logo PNG | Digital Download, Printable File, Instant Access for Fans & Merch Lovers",6,0,1,2.99,16.67
"Hades Villain Medallion PNG Clipart - Hercules Go the Distance Art for Scrapbooking, Crafts & Digital Design",10,1,1,2.99,10.00
"World Time Zones Activity - Fun & Educational Geography Worksheet for Students",6,0,1,2.69,16.67
"Descendants PNG clipart Rise of Red Queen of Hearts Logo",18,0,1,2.99,5.56
"Mal, Evie, Uma, Auradon Prep Descendants Clipart PNG Designs",13,1,1,2.99,7.69
"Long Live Evil Descendants Clipart PNG Design",13,1,1,2.99,7.69
"Descendants Clipart PNG Designs – Mal, Evie, Uma & Auradon Prep Inspired Download Designs",41,3,1,2.69,2.44
"Remy svg Ratatouille svg French Cooking svg Paris French Cuisine SVG Bundle Kitchen Decor SVG and PNG File",17,2,1,2.99,5.88
"Ratatouille svg Remy French Cooking svg Croissant Paris French Cuisine SVG Bundle Anyone Can Cook SVG and PNG File",6,1,1,2.99,16.67
"Ratatouille svg French Paris Little Chef svg Paris French Cuisine SVG Bundle Kitchen Decor SVG and PNG File",8,2,1,2.99,12.50
"Caribbean Pirate Pattern 20oz Tumbler Wrap PNG Sublimation Digital Download",7,0,1,2.99,14.29
"Little Mermaid svg Look at this Stuff Isn't It Neat Whosits Whatsits Design PNG Nautical Download File",4,0,1,2.99,25.00
"Vintage Orca Watercolor Clipart Bundle - Instant Download for Crafts & Designs. Beautifully Painted Killer Whale Images",26,0,1,2.99,3.85
"Music Notes svg, Music Teacher svg, Treble Clef svg, Musical staff svg, Music svg files, Music Notes svg, svg files for cricut",6,0,1,2.99,16.67
"Tower of Terror svg, Tower of Terror logo, Halloween svg, Hollywood Studios, Fall svg, Fall, Hollywood Tower Hotel svg, svg file, Hotel svg",9,1,1,2.99,11.11
"Boots and Bling svg Cowgirl svg Rustic svg Western svg dxf silhouette cameo cricut cut file heat transfer svg design",5,1,1,2.69,20.00
"Pirate Captain Birthday Shirt Design – Jack Sparrow-Inspired | Pirate Party PNG | Caribbean Adventure",0,0,0,0,0.00
"Wakeboarding Invitation, Surfing Invitation, Lake Birthday Party Invitation, Sports Invite, Wakeboarding Party Invite",0,0,0,0,0.00
"Haunted Mansion Halloween Birthday Party Invitation Gothic Purple Grim Grinning Ghosts Party Invite",6,0,0,0,0.00
"Halloween Birthday Party Haunted Mansion Invitation Gothic Purple Grim Grinning Ghosts Party Invite",9,1,0,0,0.00
"Zombies Seabrook High Logo PNG",0,0,0,0,0.00
"Rush My Order",1,0,0,0,0.00
"Custom Extras",1,0,0,0,0.00
